{
  "losses": [
    0.9469113405506282,
    0.5068116551604516,
    0.29760093316021635,
    0.20813741747098916,
    0.16115831375269332,
    0.1337637456940456,
    0.1150693976406038,
    0.10248327194042894,
    0.0907177716295722,
    0.08243731145963873,
    0.07578957998472795,
    0.06970854638428545,
    0.06524754344952224,
    0.059865507282836704,
    0.056128958733712105,
    0.05214501290229495,
    0.049277436364398394,
    0.04696733428026107,
    0.045038389785237117,
    0.042262102363929105,
    0.03971860961962107,
    0.03802207945613047,
    0.03695817152182028,
    0.03491300689154307,
    0.03334872444966202,
    0.0318421448958857,
    0.030663553006381,
    0.029725442613446836,
    0.028384803296736982,
    0.027649873425842363
  ],
  "metrics": {
    "both": {
      "optimistic": {
        "adjusted_arithmetic_mean_rank": 0.21887423753264515,
        "adjusted_arithmetic_mean_rank_index": 0.7811335225667182,
        "adjusted_geometric_mean_rank_index": 0.9244659041833528,
        "adjusted_hits_at_k": 0.029290289496511565,
        "adjusted_inverse_harmonic_mean_rank": 0.01620363714995356,
        "arithmetic_mean_rank": 22031.934922381835,
        "count": 103584.0,
        "geometric_mean_rank": 5595.242286654238,
        "harmonic_mean_rank": 61.47740378164099,
        "hits_at_1": 0.00896856657398826,
        "hits_at_10": 0.029338507877664503,
        "hits_at_3": 0.015948409020698176,
        "hits_at_5": 0.020601637318504788,
        "inverse_arithmetic_mean_rank": 4.5388659848668963e-05,
        "inverse_geometric_mean_rank": 0.0001787232703729735,
        "inverse_harmonic_mean_rank": 0.016266139076917725,
        "inverse_median_rank": 0.00010022550739163118,
        "median_absolute_deviation": 13879.380668540192,
        "median_rank": 9977.5,
        "standard_deviation": 29980.579648056573,
        "variance": 898835156.033464,
        "z_arithmetic_mean_rank": 435.4373368508816,
        "z_geometric_mean_rank": 297.5946267775457,
        "z_hits_at_k": 1337.5117032355474,
        "z_inverse_harmonic_mean_rank": 1824.7498330136395
      },
      "pessimistic": {
        "adjusted_arithmetic_mean_rank": 0.2188744480480361,
        "adjusted_arithmetic_mean_rank_index": 0.781133312049236,
        "adjusted_geometric_mean_rank_index": 0.9244658267688486,
        "adjusted_hits_at_k": 0.029290289496511565,
        "adjusted_inverse_harmonic_mean_rank": 0.016203636829075944,
        "arithmetic_mean_rank": 22031.95611291319,
        "count": 103584.0,
        "geometric_mean_rank": 5595.248020164233,
        "harmonic_mean_rank": 61.47740499431166,
        "hits_at_1": 0.00896856657398826,
        "hits_at_10": 0.029338507877664503,
        "hits_at_3": 0.015948409020698176,
        "hits_at_5": 0.020601637318504788,
        "inverse_arithmetic_mean_rank": 4.5388616193452206e-05,
        "inverse_geometric_mean_rank": 0.00017872308723334266,
        "inverse_harmonic_mean_rank": 0.016266138756060495,
        "inverse_median_rank": 0.00010022550739163118,
        "median_absolute_deviation": 13879.380668540192,
        "median_rank": 9977.5,
        "standard_deviation": 29980.6014254758,
        "variance": 898836461.8332416,
        "z_arithmetic_mean_rank": 435.43721949940556,
        "z_geometric_mean_rank": 297.59460185705876,
        "z_hits_at_k": 1337.5117032355474,
        "z_inverse_harmonic_mean_rank": 1824.7497968784578
      },
      "realistic": {
        "adjusted_arithmetic_mean_rank": 0.21887434075232146,
        "adjusted_arithmetic_mean_rank_index": 0.7811334193460165,
        "adjusted_geometric_mean_rank_index": 0.9244658198153677,
        "adjusted_hits_at_k": 0.029290289496511565,
        "adjusted_inverse_harmonic_mean_rank": 0.016203637082570308,
        "arithmetic_mean_rank": 22031.9453125,
        "count": 103584.0,
        "geometric_mean_rank": 5595.24853515625,
        "harmonic_mean_rank": 61.47740403629786,
        "hits_at_1": 0.00896856657398826,
        "hits_at_10": 0.029338507877664503,
        "hits_at_3": 0.015948409020698176,
        "hits_at_5": 0.020601637318504788,
        "inverse_arithmetic_mean_rank": 4.538863868219778e-05,
        "inverse_geometric_mean_rank": 0.00017872307216748595,
        "inverse_harmonic_mean_rank": 0.016266139009538754,
        "inverse_median_rank": 0.00010022550850408152,
        "median_absolute_deviation": 13879.380668540192,
        "median_rank": 9977.5,
        "standard_deviation": 29980.591796875,
        "variance": 898835840.0,
        "z_arithmetic_mean_rank": 435.4372793112342,
        "z_geometric_mean_rank": 297.5945996186652,
        "z_hits_at_k": 1337.5117032355474,
        "z_inverse_harmonic_mean_rank": 1824.7498254253694
      }
    },
    "head": {
      "optimistic": {
        "adjusted_arithmetic_mean_rank": 0.2810803445528919,
        "adjusted_arithmetic_mean_rank_index": 0.7189268039935701,
        "adjusted_geometric_mean_rank_index": 0.8360282070976915,
        "adjusted_hits_at_k": 0.0027693868379404744,
        "adjusted_inverse_harmonic_mean_rank": 0.0015224703028222514,
        "arithmetic_mean_rank": 28268.15141334569,
        "count": 51792.0,
        "geometric_mean_rank": 12134.169713810625,
        "harmonic_mean_rank": 630.5334437528687,
        "hits_at_1": 0.0003861600247142416,
        "hits_at_10": 0.0028189681804139635,
        "hits_at_3": 0.000984708063021316,
        "hits_at_5": 0.001467408093914118,
        "inverse_arithmetic_mean_rank": 3.537550034233542e-05,
        "inverse_geometric_mean_rank": 8.241190156272828e-05,
        "inverse_harmonic_mean_rank": 0.0015859586987933664,
        "inverse_median_rank": 6.076810889645114e-05,
        "median_absolute_deviation": 19773.465788209214,
        "median_rank": 16456.0,
        "standard_deviation": 32794.02521821011,
        "variance": 1075448090.0126007,
        "z_arithmetic_mean_rank": 283.37790295121647,
        "z_geometric_mean_rank": 190.30454048546017,
        "z_hits_at_k": 89.38051010195404,
        "z_inverse_harmonic_mean_rank": 121.1783413056649
      },
      "pessimistic": {
        "adjusted_arithmetic_mean_rank": 0.28108059816688025,
        "adjusted_arithmetic_mean_rank_index": 0.71892655037706,
        "adjusted_geometric_mean_rank_index": 0.8360280233609066,
        "adjusted_hits_at_k": 0.0027693868379404744,
        "adjusted_inverse_harmonic_mean_rank": 0.0015224699040609184,
        "arithmetic_mean_rank": 28268.176919215322,
        "count": 51792.0,
        "geometric_mean_rank": 12134.183309500191,
        "harmonic_mean_rank": 630.5336022793376,
        "hits_at_1": 0.0003861600247142416,
        "hits_at_10": 0.0028189681804139635,
        "hits_at_3": 0.000984708063021316,
        "hits_at_5": 0.001467408093914118,
        "inverse_arithmetic_mean_rank": 3.537546842365519e-05,
        "inverse_geometric_mean_rank": 8.241180922469434e-05,
        "inverse_harmonic_mean_rank": 0.0015859583000573888,
        "inverse_median_rank": 6.076810889645114e-05,
        "median_absolute_deviation": 19773.465788209214,
        "median_rank": 16456.0,
        "standard_deviation": 32794.04744503417,
        "variance": 1075449547.8271523,
        "z_arithmetic_mean_rank": 283.3778029837172,
        "z_geometric_mean_rank": 190.30449866157895,
        "z_hits_at_k": 89.38051010195404,
        "z_inverse_harmonic_mean_rank": 121.17830956695919
      },
      "realistic": {
        "adjusted_arithmetic_mean_rank": 0.28108047032795935,
        "adjusted_arithmetic_mean_rank_index": 0.7189266782172521,
        "adjusted_geometric_mean_rank_index": 0.8360280063218591,
        "adjusted_hits_at_k": 0.0027693868379404744,
        "adjusted_inverse_harmonic_mean_rank": 0.0015224700771894644,
        "arithmetic_mean_rank": 28268.1640625,
        "count": 51792.0,
        "geometric_mean_rank": 12134.1845703125,
        "harmonic_mean_rank": 630.5335334525515,
        "hits_at_1": 0.0003861600247142416,